,timestep_0,timestep_1,timestep_2,timestep_3,timestep_4,timestep_5,timestep_6,timestep_7,timestep_8,timestep_9,timestep_10,timestep_11,timestep_12,timestep_13,timestep_14,timestep_15,timestep_16,timestep_17,timestep_18,timestep_19,timestep_20,timestep_21,timestep_22,timestep_23,timestep_24
20,-2246.29736328125,-3038.041259765625,-3619.730712890625,-3585.998779296875,-4501.3828125,-595.1249389648438,476.9772033691406,-869.3667602539062,-844.2525024414062,-986.4019775390625,773.7100830078125,613.2615356445312,943.6786499023438,841.1183471679688,675.074462890625,392.659912109375,2000.5843505859375,1661.506103515625,1571.0577392578125,1418.572509765625,1365.73486328125,1586.4334716796875,1724.00537109375,-2335.98583984375,-1708.318359375
40,-460.3221130371094,-996.5639038085938,-1249.69091796875,-1176.8289794921875,-1600.380615234375,-727.3565673828125,-475.63232421875,-508.8221740722656,-268.6800537109375,-355.8665771484375,-22.083892822265625,13.657793998718262,189.37879943847656,133.91542053222656,-10.986063957214355,-166.3930206298828,808.2007446289062,641.3175048828125,538.3134765625,392.41729736328125,362.5048522949219,509.2467041015625,603.4605102539062,-205.78993225097656,367.07513427734375
50,329.2123107910156,307.7108154296875,-132.70518493652344,-164.6811065673828,-569.2965087890625,-367.13531494140625,-248.1686248779297,-264.9097900390625,-125.26068115234375,-170.66098022460938,-72.9112548828125,-72.19573211669922,14.764552116394043,-3.404083728790283,-36.11111831665039,-99.10295867919922,26.935108184814453,36.258689880371094,50.472686767578125,5.832036972045898,49.93216323852539,209.60780334472656,273.64715576171875,129.21661376953125,270.42724609375
60,13157.875,13062.03125,12972.1171875,12929.8779296875,12789.7841796875,7696.4208984375,7751.17724609375,7682.93505859375,7664.81494140625,7631.375,7717.06640625,7731.310546875,7759.9130859375,7781.185546875,7797.99169921875,7809.3828125,7930.2109375,7954.92431640625,7991.75732421875,8021.96875,8055.61865234375,8110.60546875,8165.07275390625,13178.7451171875,13191.47265625
101,9.574710566084832e-05,3435.1962890625,3330.25,3307.90966796875,3139.83935546875,3251.759521484375,3279.90771484375,3260.057373046875,3289.855712890625,3265.739990234375,3291.139892578125,3289.924560546875,3311.515869140625,3310.992431640625,3301.98974609375,3284.638671875,6.585404480574653e-05,6.585404480574653e-05,6.59085126244463e-05,6.880953151267022e-05,7.473742152797058e-05,7.705535244895145e-05,8.442738180747256e-05,7.692083454458043e-05,8.440008969046175e-05
103,168.0582733154297,1846.1600341796875,1781.9525146484375,1770.6435546875,1673.916259765625,1723.104736328125,1737.0089111328125,1726.2437744140625,1741.889892578125,1729.179443359375,1740.8707275390625,1739.6412353515625,1749.924560546875,1749.3929443359375,1744.5977783203125,1735.5015869140625,147.41656494140625,153.8468017578125,159.64845275878906,171.1026153564453,170.99229431152344,148.67303466796875,142.4940948486328,172.94522094726562,147.07861328125
105,-422.5911865234375,1220.533203125,1270.970458984375,1263.738037109375,1321.5611572265625,1384.2928466796875,1368.144775390625,1372.3560791015625,1344.7193603515625,1354.2083740234375,1341.323974609375,1345.137451171875,1335.5506591796875,1341.2574462890625,1352.245849609375,1366.78515625,-305.0749816894531,-303.9072265625,-300.2113952636719,-292.6705322265625,-292.5602111816406,-310.1304626464844,-324.84600830078125,-355.2971496582031,-382.6165466308594
107,32.30067825317383,413.0897521972656,408.1522521972656,406.2029113769531,405.13037109375,414.8375244140625,411.1742858886719,411.33984375,405.98101806640625,407.3319091796875,403.88702392578125,404.205078125,401.8974304199219,402.9098815917969,405.0157775878906,407.8696594238281,51.95551300048828,58.12609100341797,62.622108459472656,68.0700454711914,68.0295181274414,51.50920867919922,37.82060623168945,61.83592224121094,24.48983383178711
109,-10.429727554321289,1587.7520751953125,1587.48046875,1578.8355712890625,1572.6842041015625,1621.8726806640625,1614.4649658203125,1613.0238037109375,1599.365966796875,1601.3074951171875,1594.3507080078125,1595.78515625,1591.4166259765625,1594.8809814453125,1600.74169921875,1607.6295166015625,36.86056137084961,48.618804931640625,61.0804557800293,85.85460662841797,85.7442855834961,35.453041076660156,14.622095108032227,45.07322311401367,-18.08938217163086
111,-320.5057373046875,1138.8360595703125,1249.636474609375,1245.61962890625,1396.8201904296875,1446.0086669921875,1401.5770263671875,1416.3338623046875,1351.7679443359375,1379.1634521484375,1339.810791015625,1345.8731689453125,1316.0506591796875,1326.4569091796875,1350.8297119140625,1385.485595703125,-155.20144653320312,-134.18719482421875,-110.15554809570312,-62.241390228271484,-62.35171127319336,-161.23695373535156,-207.52191162109375,-177.07077026367188,-305.025390625
112,498.35455322265625,503.6232604980469,434.9578857421875,435.3533935546875,307.7868957519531,190.71751403808594,214.49066162109375,194.35739135742188,239.7102508544922,218.67152404785156,225.1862335205078,213.68431091308594,222.0677947998047,212.70152282714844,194.1308135986328,162.64993286132812,410.141357421875,419.241943359375,422.9226379394531,423.7904052734375,423.60546875,414.7627868652344,406.9624328613281,479.8351135253906,442.3893737792969
113,-80.62908172607422,655.7319946289062,711.2098388671875,710.767822265625,771.1516723632812,740.5567626953125,719.4496459960938,721.864013671875,697.0213623046875,707.8521118164062,682.4561157226562,681.3718872070312,663.4755859375,666.1622924804688,674.6505126953125,684.7079467773438,31.71841812133789,52.36962890625,72.0690689086914,106.68961334228516,106.57937622070312,28.81492042541504,-18.275293350219727,41.873104095458984,-91.5133056640625
114,124.37055206298828,248.60299682617188,254.35780334472656,254.28440856933594,257.5975036621094,238.9472198486328,234.19825744628906,233.48756408691406,229.42257690429688,231.0015106201172,223.8461456298828,222.6066131591797,217.87628173828125,217.93406677246094,219.0993194580078,220.0469207763672,105.92540740966797,109.31617736816406,111.64920806884766,115.15580749511719,115.0986099243164,106.98875427246094,104.14746856689453,124.13436126708984,108.59649658203125
115,-40.91691970825195,307.0881652832031,328.3778381347656,327.52130126953125,363.6039733886719,373.3111267089844,360.9054870605469,364.8958435058594,347.5162048339844,354.87750244140625,343.78302001953125,345.1938781738281,336.8758544921875,339.5274658203125,346.00457763671875,355.4152526855469,6.604312419891357,14.960492134094238,22.18851089477539,33.10044479370117,33.05991744995117,5.0652079582214355,-14.633794784545898,9.381523132324219,-43.26376724243164
116,16.92807388305664,865.515625,936.3530883789062,936.2378540039062,1013.5416259765625,964.29638671875,935.2387084960938,938.3430786132812,905.0332641601562,919.64404296875,884.291259765625,882.36767578125,857.5399780273438,860.884765625,872.1389770507812,885.5452880859375,121.03553009033203,145.87789916992188,168.910888671875,209.0390167236328,208.87158203125,118.79517364501953,66.6625747680664,146.79786682128906,-7.7292094230651855
117,636.2876586914062,-544.82568359375,-665.177978515625,-662.602294921875,-813.549560546875,-866.5740356445312,-832.4300537109375,-845.9517211914062,-793.8924560546875,-816.9213256835938,-788.530029296875,-794.7327270507812,-772.56298828125,-781.318359375,-801.030517578125,-828.9603271484375,469.3876037597656,468.9756164550781,463.0072937011719,447.37738037109375,447.2265319824219,476.70416259765625,492.621826171875,547.0882568359375,574.9651489257812
119,-733.4559936523438,-546.2120971679688,-437.00384521484375,-437.1405029296875,-241.37643432617188,-95.94960021972656,-135.71542358398438,-107.2341079711914,-177.36361694335938,-144.81153869628906,-162.55935668945312,-147.36505126953125,-165.06724548339844,-151.54412841796875,-123.4935531616211,-77.29759216308594,-552.7054443359375,-554.756591796875,-550.9373168945312,-539.1897583007812,-538.9881591796875,-560.9713134765625,-575.7597045898438,-644.6039428710938,-658.8536376953125
120,1159.13232421875,-21.768980026245117,-284.45263671875,-283.989013671875,-648.2672729492188,-771.9962158203125,-697.8661499023438,-732.2578735351562,-614.3016357421875,-666.495361328125,-612.4777221679688,-628.7542724609375,-591.4553833007812,-610.9403686523438,-653.9131469726562,-715.0189208984375,846.9400634765625,848.2734985351562,835.0152587890625,802.4758911132812,802.1991577148438,865.6503295898438,900.8709106445312,990.5201416015625,1049.5645751953125
121,1039.2862548828125,274.751708984375,89.36477661132812,89.07147979736328,-261.84442138671875,-410.795654296875,-343.27862548828125,-380.6481628417969,-271.28271484375,-322.4253234863281,-276.8568115234375,-294.8879699707031,-255.95352172851562,-275.3519592285156,-317.87347412109375,-382.95599365234375,761.807861328125,759.691650390625,749.0096435546875,722.3511352539062,722.1114501953125,774.016845703125,803.7911376953125,887.5922241210938,938.788330078125
122,368.3427734375,251.51280212402344,228.1350860595703,228.0295867919922,165.55372619628906,90.83132934570312,109.4447250366211,93.59375,123.72246551513672,107.38719177246094,115.98805236816406,108.51336669921875,124.03453063964844,117.70975494384766,103.50301361083984,76.35774993896484,272.852294921875,268.4496765136719,266.0347595214844,259.4256591796875,259.3499755859375,272.0787048339844,280.5122375488281,314.17364501953125,330.2145690917969
123,9821.7099609375,8943.9091796875,8430.4794921875,8425.9013671875,7634.326171875,6448.8681640625,6418.72509765625,6267.38427734375,6327.17041015625,6196.96240234375,6118.724609375,6018.669921875,6221.0771484375,6154.6845703125,6036.59130859375,5824.166015625,7344.517578125,7137.21875,7106.59228515625,6999.35693359375,6997.5625,7198.08642578125,7370.0458984375,8366.2587890625,8742.4892578125
125,13157.8740234375,13062.03125,12972.1171875,12929.8779296875,12789.7841796875,7696.4208984375,6532.17724609375,7682.93505859375,7664.81494140625,7631.375,5851.06640625,5895.310546875,5941.9130859375,5963.185546875,5975.99169921875,5987.3828125,6113.2109375,6130.92431640625,6175.75732421875,6188.96875,6238.61865234375,6280.60546875,6351.07275390625,11364.7451171875,11351.47265625
129,2912.03759765625,3785.847412109375,4252.72265625,4215.9990234375,4958.26513671875,1125.08251953125,-34.2921142578125,1286.5712890625,1169.3782958984375,1287.0606689453125,-429.4395751953125,-276.83282470703125,-452.7384033203125,-357.4994812011719,-209.06280517578125,46.894203186035156,-1538.711669921875,-1307.631591796875,-1227.676025390625,-1096.45703125,-1044.93701171875,-1224.945068359375,-1339.4505615234375,2644.34765625,2227.147216796875
131,2634.653076171875,3469.578125,3987.510009765625,3952.425048828125,4771.01220703125,928.1180419921875,-219.7999725341797,1111.1549072265625,1006.7769775390625,1134.0556640625,-594.16845703125,-438.5157165527344,-658.6194458007812,-560.0518798828125,-403.5028991699219,-135.111328125,-1731.724365234375,-1476.0211181640625,-1392.2041015625,-1252.569580078125,-1200.8087158203125,-1397.2791748046875,-1521.18310546875,2463.98046875,1993.18017578125
133,-2246.29736328125,-3038.041259765625,-3619.730712890625,-3585.998779296875,-4501.3828125,-595.1249389648438,476.9772033691406,-869.3667602539062,-844.2525024414062,-986.4019775390625,773.7100830078125,613.2615356445312,943.6786499023438,841.1183471679688,675.074462890625,392.659912109375,2000.5843505859375,1661.506103515625,1571.0577392578125,1418.572509765625,1365.73486328125,1586.4334716796875,1724.00537109375,-2335.98583984375,-1708.318359375
135,364.6913146972656,397.2766418457031,341.99591064453125,340.9958801269531,256.2078552246094,319.57147216796875,240.93002319335938,226.7772216796875,143.62828063964844,130.70005798339844,160.11563110351562,155.6730499267578,264.04376220703125,260.58087158203125,252.49876403808594,240.594970703125,254.2021484375,171.5336151123047,165.78518676757812,154.7005157470703,153.62371826171875,174.14321899414062,185.8687286376953,111.041015625,262.9634704589844
137,57.28499984741211,82.93499755859375,62.415000915527344,61.560001373291016,32.4900016784668,32.4900016784668,39.33000183105469,36.337501525878906,45.74250030517578,41.040000915527344,47.025001525878906,46.16999816894531,50.872501373291016,49.59000015258789,46.16999816894531,41.040000915527344,35.48249816894531,33.772499084472656,31.635000228881836,27.360000610351562,27.360000610351562,36.337501525878906,41.040000915527344,41.040000915527344,53.0099983215332
145,307.40631103515625,314.3416442871094,279.5809326171875,279.4358825683594,223.71783447265625,287.0814514160156,201.60003662109375,190.43972778320312,97.88578796386719,89.66006469726562,113.09062957763672,109.50304412841797,213.1712646484375,210.99087524414062,206.32876586914062,199.5549774169922,218.7196502685547,137.76112365722656,134.1501922607422,127.34051513671875,126.26371765136719,137.80572509765625,144.8287353515625,70.00102233886719,209.95347595214844
147,299.5137023925781,302.9150390625,270.9815368652344,270.95428466796875,219.24143981933594,282.6050720214844,196.1812286376953,185.4332275390625,91.58348083496094,84.00566101074219,106.61163330078125,103.141845703125,206.16217041015625,204.15847778320312,199.96755981445312,193.90057373046875,213.83094787597656,133.10801696777344,129.7915802001953,123.57091522216797,122.4941177368164,132.79922485351562,139.17433166503906,64.34661865234375,202.64987182617188
149,-628.3079833984375,-632.0280151367188,-629.052001953125,-628.927978515625,-624.7119750976562,-624.7119750976562,-365.7040100097656,-365.2699890136719,-6.633999347686768,-5.951999664306641,-6.819999694824219,-6.695999622344971,-367.37799072265625,-367.1919860839844,-366.6960144042969,-365.9519958496094,-365.14599609375,-4.897999286651611,-4.5879998207092285,-3.9679996967315674,-3.968000650405884,-5.2700018882751465,-5.952123165130615,-5.952189922332764,-367.68798828125
151,-620.0,-620.0,-620.0,-620.0,-620.0,-620.0,-360.0,-360.0,3.5172973866792745e-07,-2.3739853816096002e-07,3.5172973866792745e-07,-2.3739853816096002e-07,-360.0,-360.0,-360.0,-360.0,-360.0,3.5172973866792745e-07,-2.3739853816096002e-07,3.5172973866792745e-07,-3.4226076195409405e-07,2.540071193379845e-07,-0.00012756543583236635,-0.00012756543583236635,-360.0
153,341.9932861328125,348.2219543457031,372.45147705078125,372.15771484375,412.9565734863281,349.59295654296875,178.5847625732422,188.2092742919922,-74.40998840332031,-68.59766387939453,-88.95662689208984,-85.80784606933594,172.9373321533203,174.4595184326172,177.36643981933594,181.50743103027344,159.4905548095703,-120.42852020263672,-117.91458892822266,-113.29891967773438,-112.22212219238281,-119.15672302246094,-123.76620483398438,-48.93843078613281,177.25213623046875
155,379.0174865722656,401.82415771484375,412.7912902832031,411.9449157714844,433.9553527832031,370.59173583984375,204.00436401367188,211.6947784423828,-44.84588623046875,-42.0728645324707,-58.563629150390625,-55.967445373535156,205.81703186035156,206.51031494140625,207.2068328857422,208.0322265625,182.4234619140625,-98.60082244873047,-97.4683837890625,-95.61571502685547,-94.5389175415039,-95.67121887207031,-97.24140930175781,-22.41362953186035,211.51333618164062
159,-390.4744873046875,-418.4111633300781,-425.2742919921875,-424.25689697265625,-440.453369140625,-377.0897521972656,-211.87037658691406,-218.9622802734375,35.697383880615234,33.864864349365234,49.15863037109375,46.73344421386719,-215.9915313720703,-216.42831420898438,-216.4408416748047,-216.240234375,-189.51995849609375,91.84632110595703,91.14138793945312,90.14371490478516,89.0669174194336,88.40372467041016,89.03340911865234,14.205629348754883,-222.11532592773438
161,-426.748291015625,-470.9269714355469,-464.7964782714844,-463.2377014160156,-461.02655029296875,-397.6629333496094,-236.77476501464844,-241.97177124023438,6.732484817504883,7.877663612365723,19.381629943847656,17.497844696044922,-248.204833984375,-247.8295135498047,-245.6764373779297,-242.22743225097656,-211.98805236816406,70.46102142333984,71.10958862304688,72.81891632080078,71.74211883544922,65.39422607421875,63.046207427978516,-11.781570434570312,-255.68212890625
163,-157.09278869628906,-142.115478515625,-134.14845275878906,-134.3052978515625,-119.0279312133789,-128.73924255371094,-102.9194564819336,-99.1117935180664,-66.54740905761719,-66.82586669921875,-65.98188018798828,-64.73129272460938,-99.05477905273438,-98.41917419433594,-97.48847961425781,-95.82633209228516,-118.50357818603516,-97.47126770019531,-98.09832000732422,-98.65970611572266,-98.41888427734375,-96.02960205078125,-95.55331420898438,-94.1880874633789,-122.65216827392578
169,216.2805938720703,227.80528259277344,198.6366424560547,197.91009521484375,152.5971221923828,162.30845642089844,143.5558624267578,136.6562957763672,113.80931091308594,109.22906494140625,114.56888580322266,112.43489074707031,151.61708068847656,149.6563720703125,145.19207763671875,138.2295379638672,155.1646728515625,132.36557006835938,130.78411865234375,126.92850494384766,126.68768310546875,133.5740966796875,137.95651245117188,136.59127807617188,177.4229736328125
171,463.2586975097656,609.1026611328125,541.5888061523438,536.983642578125,451.8034362792969,378.7284851074219,266.77691650390625,265.66796875,81.31370544433594,63.99726867675781,73.56448364257812,73.80926513671875,321.0812683105469,317.00714111328125,304.2263488769531,285.1018981933594,213.4028778076172,-53.7930908203125,-62.29270935058594,-79.01142120361328,-77.69380187988281,-38.615821838378906,-19.898723602294922,56.29428482055664,312.1851501464844
173,7963.3046875,8014.8828125,7916.19384765625,7919.27978515625,7696.93115234375,6708.27734375,6687.77490234375,6584.263671875,6671.69921875,6630.3759765625,6463.89501953125,6383.39453125,6281.85693359375,6244.30712890625,6196.0576171875,6084.99853515625,6137.98681640625,6203.595703125,6203.53369140625,6163.1689453125,6160.333984375,6221.34130859375,6319.9892578125,7150.359375,7162.33837890625
175,7893.90576171875,7914.41015625,7840.58056640625,7844.7021484375,7657.57080078125,6668.9169921875,6640.1279296875,6540.2421875,6616.28369140625,6580.6572265625,6406.92578125,6327.4609375,6220.2265625,6184.23046875,6140.12451171875,6035.27978515625,6095.0009765625,6162.681640625,6165.208984375,6130.0234375,6127.18798828125,6177.31982421875,6270.2705078125,7100.64111328125,7098.11865234375
177,7838.537109375,7834.24951171875,7780.2529296875,7785.20166015625,7626.16748046875,6637.513671875,6602.11328125,6505.1201171875,6572.0712890625,6540.990234375,6361.47412109375,6282.83544921875,6171.0556640625,6136.29931640625,6095.4990234375,5995.61279296875,6060.70556640625,6130.03857421875,6134.63232421875,6103.57861328125,6100.74365234375,6142.19775390625,6230.603515625,7060.9736328125,7046.8818359375
179,7565.7158203125,7762.9853515625,7824.06591796875,7830.4296875,7757.63671875,6781.73974609375,6727.57275390625,6638.494140625,6677.8095703125,6659.8740234375,6463.92919921875,6388.255859375,6263.67578125,6233.21142578125,6202.716796875,6117.619140625,5871.3623046875,5943.09814453125,5952.92041015625,5933.89697265625,5931.07568359375,5948.4326171875,6025.080078125,6838.7734375,6800.08984375
180,3.4839999675750732,5.044000148773193,3.7960000038146973,3.74399995803833,1.9759999513626099,1.9759999513626099,2.3919999599456787,2.2100000381469727,2.7820000648498535,2.496000051498413,2.859999895095825,2.808000087738037,3.0940001010894775,3.0160000324249268,2.808000087738037,2.496000051498413,2.1579999923706055,2.053999900817871,1.9240000247955322,1.6640000343322754,1.6640000343322754,2.2100000381469727,2.496000051498413,2.496000051498413,3.2239999771118164
181,3.4839999675750732,5.044000148773193,3.7960000038146973,3.74399995803833,1.9759999513626099,1.9759999513626099,2.3919999599456787,2.2100000381469727,2.7820000648498535,2.496000051498413,2.859999895095825,2.808000087738037,3.0940001010894775,3.0160000324249268,2.808000087738037,2.496000051498413,2.1579999923706055,2.053999900817871,1.9240000247955322,1.6640000343322754,1.6640000343322754,2.2100000381469727,2.496000051498413,2.496000051498413,3.2239999771118164
183,7341.326171875,7817.50927734375,7911.568359375,7919.1025390625,7895.98388671875,6922.24609375,6854.978515625,6770.6630859375,6791.85888671875,6782.474609375,6574.326171875,6499.994140625,6366.2236328125,6338.18701171875,6314.12890625,6238.326171875,5731.70703125,5807.96240234375,5824.9375,5821.45458984375,5818.48681640625,5803.4375,5864.369140625,6671.80029296875,6597.97900390625
185,-19.510400772094727,-28.246400833129883,-21.257600784301758,-20.966400146484375,-11.065600395202637,-11.065600395202637,-13.3951997756958,-12.37600040435791,-15.57919979095459,-13.97760009765625,-16.016000747680664,-15.724800109863281,-17.326400756835938,-16.88960075378418,-15.724800109863281,-13.97760009765625,-12.084799766540527,-11.502400398254395,-10.774399757385254,-9.318400382995605,-9.318400382995605,-12.37600040435791,-13.97760009765625,-13.97760009765625,-18.054399490356445
186,340.1588134765625,542.8546142578125,565.0453491210938,566.4649047851562,597.5554809570312,537.171875,524.8359375,523.1766357421875,513.691162109375,518.2177734375,500.9477233886719,496.6617126464844,485.5390319824219,483.7721862792969,486.2366638183594,486.9481506347656,332.03485107421875,339.3399963378906,344.8365173339844,355.1395263671875,352.7431945800781,323.95391845703125,314.760009765625,357.55169677734375,321.7458190917969
187,6708.974609375,7431.5126953125,7579.9560546875,7593.27734375,7685.99560546875,6810.79541015625,6714.109375,6649.720703125,6619.2724609375,6634.96240234375,6410.822265625,6345.36572265625,6198.16796875,6176.6611328125,6170.0078125,6123.88330078125,5331.62646484375,5409.26416015625,5435.705078125,5455.54296875,5451.22802734375,5382.72314453125,5414.873046875,6173.21630859375,6041.68310546875
189,4690.033203125,5205.59326171875,5218.04150390625,5293.88818359375,5101.697265625,4916.51318359375,4976.30859375,4929.70849609375,5007.8828125,4992.26123046875,5010.5380859375,4949.29638671875,4973.4619140625,4893.93896484375,4854.20263671875,4755.78564453125,4558.77880859375,4529.03857421875,4487.82421875,4431.86279296875,4375.068359375,4350.45458984375,4406.19873046875,4534.9921875,4689.9052734375
191,-1966.2257080078125,-2149.599853515625,-2304.47802734375,-2242.739990234375,-2554.399658203125,-1864.384033203125,-1701.6080322265625,-1686.5733642578125,-1569.295654296875,-1604.9351806640625,-1357.01025390625,-1353.5819091796875,-1177.8916015625,-1237.087646484375,-1273.3179931640625,-1330.3311767578125,-740.1956176757812,-849.146728515625,-918.769287109375,-998.5029907226562,-1050.9822998046875,-998.8294067382812,-970.907958984375,-1600.4580078125,-1302.9959716796875
193,-1637.0,-1706.0,-1719.0,-1719.0,-1791.0,-1791.0,-1819.0,-1777.0,-1842.0,-1815.0,-1825.0,-1856.0,-1801.0,-1819.0,-1733.0,-1664.0,-1620.0,-1613.0,-1620.0,-1616.0,-1647.0,-1627.0,-1627.0,-1627.0,-1671.0
195,473.4715576171875,656.0478515625,809.8772583007812,747.7604370117188,1004.1214599609375,282.5920715332031,85.2540283203125,111.07477569580078,-76.36959838867188,-11.462764739990234,-280.1413269042969,-315.93890380859375,-443.9072570800781,-402.10833740234375,-278.64251708984375,-151.7224578857422,-760.0888671875,-639.8388671875,-573.7395629882812,-484.46282958984375,-462.5049133300781,-506.7251281738281,-539.5482177734375,118.33740997314453,-245.80001831054688
197,395.52374267578125,543.1980590820312,724.9490356445312,663.99560546875,959.9122924804688,238.38287353515625,31.737627029418945,61.63027572631836,-138.6114959716797,-67.30596160888672,-344.1283264160156,-378.7624816894531,-513.1295776367188,-469.5855407714844,-341.46612548828125,-207.56565856933594,-808.3699340820312,-685.7931518554688,-616.785400390625,-521.691650390625,-499.73370361328125,-556.1696166992188,-595.3914184570312,62.49421310424805,-317.9308166503906
199,-64.79834747314453,-453.3658447265625,-524.7418823242188,-512.8333740234375,-640.4683227539062,-488.97369384765625,-443.89471435546875,-447.19189453125,-407.29156494140625,-423.17254638671875,-366.21221923828125,-365.1047668457031,-323.7507629394531,-335.6701354980469,-352.4521484375,-373.9587097167969,-0.16921444237232208,-44.47563171386719,-78.4719009399414,-129.27435302734375,-137.2288360595703,-46.922950744628906,8.069122314453125,-143.2957305908203,49.144309997558594
201,-460.32208251953125,-996.5639038085938,-1249.69091796875,-1176.8289794921875,-1600.380615234375,-727.3565673828125,-475.6323547363281,-508.8221740722656,-268.6800537109375,-355.8665771484375,-22.083892822265625,13.657733917236328,189.37879943847656,133.91542053222656,-10.986039161682129,-166.39305114746094,808.2007446289062,641.3175048828125,538.3134765625,392.41729736328125,362.5048828125,509.2467041015625,603.4605102539062,-205.78993225097656,367.07513427734375
202,541.8169555664062,642.17431640625,648.2091064453125,658.5914916992188,634.9926147460938,618.015869140625,624.2312622070312,618.957275390625,626.3528442382812,625.2655639648438,626.4691772460938,619.2479858398438,621.2318725585938,611.8026123046875,607.2572021484375,596.1829223632812,548.2948608398438,545.217041015625,541.3495483398438,537.2158203125,529.9100341796875,519.6934814453125,523.0198364257812,538.656982421875,547.9938354492188
203,236.0291290283203,149.08070373535156,120.61276245117188,129.06259155273438,56.931148529052734,100.33799743652344,122.9933090209961,117.58316802978516,140.107177734375,131.67181396484375,153.73646545410156,150.28826904296875,166.2163543701172,157.78443908691406,148.72256469726562,133.8587646484375,237.5494842529297,226.14051818847656,215.49403381347656,198.49232482910156,193.5828399658203,217.54205322265625,232.88385009765625,205.72926330566406,258.05401611328125
204,541.8169555664062,642.17431640625,648.2091064453125,658.5914916992188,634.9926147460938,618.015869140625,624.2312622070312,618.957275390625,626.3528442382812,625.2655639648438,626.4691772460938,619.2479858398438,621.2318725585938,611.8026123046875,607.2572021484375,596.1829223632812,548.2948608398438,545.217041015625,541.3495483398438,537.2158203125,529.9100341796875,519.6934814453125,523.0198364257812,538.656982421875,547.9938354492188
205,340.1588134765625,542.8546142578125,565.0453491210938,566.4649047851562,597.5554809570312,537.171875,524.8359375,523.1766357421875,513.691162109375,518.2177734375,500.9477233886719,496.6617126464844,485.5390319824219,483.7721862792969,486.2366638183594,486.9481506347656,332.03485107421875,339.3399963378906,344.8365173339844,355.1395263671875,352.7431945800781,323.95391845703125,314.760009765625,357.55169677734375,321.7458190917969
207,300.8274841308594,602.4465942382812,645.3546142578125,641.89599609375,697.3994750976562,589.3117065429688,566.8880004882812,564.7750854492188,547.3987426757812,554.8443603515625,519.94873046875,515.3930053710938,489.96710205078125,493.4545593261719,501.1747131347656,507.8174743652344,237.7187042236328,270.61614990234375,293.9659118652344,327.7666931152344,330.8116760253906,264.4649963378906,224.81472778320312,349.0249938964844,208.9097137451172
209,160.66302490234375,-65.68236541748047,-84.93095397949219,-84.29138946533203,-125.57442474365234,-134.66165161132812,-120.8998794555664,-125.9672622680664,-106.33554077148438,-115.16181182861328,-101.19068145751953,-103.53181457519531,-92.53610229492188,-96.78006744384766,-104.07674407958984,-115.19597625732422,132.67105102539062,126.1099624633789,118.49140167236328,103.91979217529297,102.21935272216797,127.4401626586914,138.0076141357422,131.67564392089844,161.4263153076172
211,612.8411865234375,357.75018310546875,310.3549499511719,304.85845947265625,198.9227752685547,100.38477325439453,127.4739990234375,108.56617736816406,157.0071563720703,133.53469848632812,147.4878387451172,138.90371704101562,150.72918701171875,144.63621520996094,128.3963165283203,100.46536254882812,387.9954528808594,387.19598388671875,378.4579162597656,356.5932312011719,357.940185546875,408.3384704589844,435.5185852050781,484.6062316894531,538.2416381835938
213,179.4958038330078,608.5369873046875,649.976318359375,650.7562866210938,723.1299438476562,671.83349609375,645.73583984375,649.1438598632812,620.0266723632812,633.3795776367188,602.1383666992188,600.1935424804688,578.0751342773438,580.55224609375,590.3134155273438,602.1441040039062,199.36380004882812,213.2300262451172,226.34512329101562,251.2197265625,250.5238494873047,196.5137481689453,176.75238037109375,225.87603759765625,160.3195037841797
215,137.5079345703125,600.8267822265625,632.0311889648438,632.17138671875,695.643310546875,645.492431640625,620.446533203125,623.4750366210938,595.8651123046875,608.3531494140625,577.83056640625,575.9902954101562,554.3278198242188,557.029541015625,566.2947387695312,577.7056884765625,191.68344116210938,218.80136108398438,241.35134887695312,277.19622802734375,277.67242431640625,196.7441864013672,147.45077514648438,244.5769805908203,88.11917877197266
217,-243.79710388183594,-89.11689758300781,-28.2766056060791,-27.418378829956055,27.25668716430664,41.26715850830078,29.27256202697754,34.93531036376953,16.688495635986328,25.35852813720703,15.434473991394043,17.84168815612793,9.920487403869629,13.023092269897461,19.846267700195312,30.03862190246582,-176.07269287109375,-170.84011840820312,-163.8983154296875,-150.52352905273438,-150.01266479492188,-176.55084228515625,-190.28134155273438,-196.2296142578125,-230.1334228515625
219,-251.64918518066406,-40.61200714111328,66.88056945800781,67.980224609375,143.47689819335938,156.23399353027344,139.99505615234375,146.8041534423828,122.64398193359375,134.05181884765625,119.83536529541016,122.48411560058594,111.42201232910156,115.23990631103516,124.28219604492188,137.17457580566406,-176.22886657714844,-174.45864868164062,-170.0198211669922,-159.5698699951172,-159.55592346191406,-180.3350830078125,-190.3552703857422,-207.03260803222656,-227.20025634765625
221,251.64918518066406,40.61200714111328,-66.88056945800781,-67.980224609375,-143.47689819335938,-156.23399353027344,-139.99505615234375,-146.8041534423828,-122.64398193359375,-134.05181884765625,-119.83536529541016,-122.48411560058594,-111.42201232910156,-115.23990631103516,-124.28219604492188,-137.17457580566406,176.22886657714844,174.45864868164062,170.0198211669922,159.5698699951172,159.55592346191406,180.3350830078125,190.3552703857422,207.03260803222656,227.20025634765625
223,45.444698333740234,678.3060913085938,741.2737426757812,741.27392578125,812.630615234375,775.3446655273438,750.3563842773438,753.6942138671875,724.3482055664062,737.3621215820312,707.662841796875,706.4872436523438,685.4566040039062,688.579345703125,698.6116333007812,710.8067626953125,91.26811218261719,107.09090423583984,123.05281066894531,153.11219787597656,152.92718505859375,89.57791137695312,65.09503173828125,108.27043151855469,31.74209213256836
225,68.2782974243164,711.3636474609375,766.152099609375,765.8115234375,825.5809936523438,788.2950439453125,766.033203125,768.17822265625,742.5809936523438,753.7205200195312,726.4068603515625,724.8904418945312,705.7342529296875,708.3457641601562,717.014892578125,727.1651611328125,105.41130828857422,120.55250549316406,135.66241455078125,164.01780700683594,163.83277893066406,104.06190490722656,81.45343780517578,124.62882995605469,52.8716926574707
229,4690.033203125,5205.59326171875,5218.04150390625,5293.88818359375,5101.697265625,4916.51318359375,4976.30859375,4929.70849609375,5007.8828125,4992.26123046875,5010.5380859375,4949.29638671875,4973.4619140625,4893.93896484375,4854.20263671875,4755.78564453125,4558.77880859375,4529.03857421875,4487.82421875,4431.86279296875,4375.068359375,4350.45458984375,4406.19873046875,4534.9921875,4689.9052734375
231,4419.404296875,4783.0234375,4825.72119140625,4901.48876953125,4815.57861328125,4699.3935546875,4741.140625,4713.16552734375,4757.69970703125,4766.82861328125,4765.5625,4709.83251953125,4721.49267578125,4645.087890625,4622.021484375,4544.1884765625,4386.43701171875,4366.3623046875,4339.8916015625,4304.517578125,4256.68701171875,4200.4404296875,4235.81884765625,4339.20947265625,4440.09716796875
233,4439.0,4531.0,4511.0,4582.0,4531.0,4531.0,4582.0,4572.0,4613.0,4643.0,4643.0,4592.0,4613.0,4531.0,4521.0,4449.0,4439.0,4449.0,4460.0,4439.0,4419.0,4368.0,4399.0,4399.0,4470.0
235,110.74018859863281,191.08892822265625,218.11302185058594,220.57855224609375,195.43548583984375,126.43651580810547,125.39350128173828,115.1208724975586,122.51097869873047,110.88495635986328,113.7235336303711,110.59846496582031,109.97871398925781,110.4400405883789,103.3157958984375,97.04975128173828,73.30594635009766,68.41345977783203,59.6356315612793,50.98041915893555,42.01622772216797,48.592288970947266,55.83235168457031,81.23516845703125,101.8515396118164
237,453.72802734375,587.2246704101562,649.9352416992188,662.0594482421875,658.4170532226562,574.7471313476562,568.635986328125,558.1942749023438,557.8597412109375,551.8175659179688,546.9578247070312,539.2972412109375,533.2916259765625,528.2431030273438,522.20947265625,514.5126953125,455.6939392089844,451.21380615234375,443.0703430175781,437.7904968261719,423.3867492675781,408.13421630859375,410.7601318359375,447.2114562988281,456.7032775878906
238,392.618896484375,737.328369140625,919.177978515625,940.3803100585938,978.6932983398438,776.5321044921875,743.7542114257812,722.7877807617188,701.6483154296875,687.7937622070312,665.459228515625,653.9701538085938,626.2647094726562,628.2730102539062,617.885498046875,616.2357788085938,420.16925048828125,389.2984924316406,348.1504821777344,338.9232482910156,294.82305908203125,248.2701873779297,243.4856414794922,387.9161682128906,397.53594970703125
239,31.873449325561523,284.7203369140625,370.5521545410156,378.24249267578125,373.0126647949219,254.52139282226562,238.9570770263672,223.57504272460938,218.03585815429688,202.59059143066406,194.83041381835938,189.61415100097656,175.54713439941406,180.52230834960938,170.61717224121094,168.3374481201172,22.069013595581055,-7.097239017486572,-43.57127380371094,-54.45766830444336,-84.15408325195312,-100.88250732421875,-100.66010284423828,7.319113731384277,26.876285552978516
240,392.618896484375,737.328369140625,919.177978515625,940.3803100585938,978.6932983398438,776.5321044921875,743.7542114257812,722.7877807617188,701.6483154296875,687.7937622070312,665.459228515625,653.9701538085938,626.2647094726562,628.2730102539062,617.885498046875,616.2357788085938,420.16925048828125,389.2984924316406,348.1504821777344,338.9232482910156,294.82305908203125,248.2701873779297,243.4856414794922,387.9161682128906,397.53594970703125
241,392.618896484375,737.328369140625,919.177978515625,940.3803100585938,978.6932983398438,776.5321044921875,743.7542114257812,722.7877807617188,701.6483154296875,687.7937622070312,665.459228515625,653.9701538085938,626.2647094726562,628.2730102539062,617.885498046875,616.2357788085938,420.16925048828125,389.2984924316406,348.1504821777344,338.9232482910156,294.82305908203125,248.2701873779297,243.4856414794922,387.9161682128906,397.53594970703125
243,391.4530944824219,735.6405639648438,917.9077758789062,939.1275024414062,978.0321044921875,775.8709106445312,742.953857421875,722.0482788085938,700.7174072265625,686.9585571289062,664.5022583007812,653.0305786132812,625.2293701171875,627.2637939453125,616.9458618164062,615.4005737304688,419.4471435546875,388.6111755371094,347.5066833496094,338.3664245605469,294.2662658691406,247.5306854248047,242.6504364013672,387.0809631347656,396.4571533203125
245,298.07867431640625,460.15625,431.8747253417969,433.9606018066406,337.9029541015625,292.8768005371094,310.2855529785156,294.76971435546875,323.13873291015625,303.5179748535156,318.89837646484375,313.2471618652344,321.7944030761719,318.1471862792969,304.4556884765625,286.7823486328125,220.34703063964844,207.1573944091797,190.1296844482422,173.591552734375,162.97540283203125,188.9794464111328,209.68734741210938,232.43397521972656,280.79571533203125
247,241.9102020263672,350.22821044921875,263.57379150390625,259.96319580078125,137.2028045654297,137.2028045654297,166.0876007080078,153.45050048828125,193.16709899902344,173.30880737304688,198.58299255371094,194.97239685058594,214.83070373535156,209.414794921875,194.97239685058594,173.30880737304688,149.83990478515625,142.6186981201172,133.59219360351562,115.53919982910156,115.53919982910156,153.45050048828125,173.30880737304688,173.30880737304688,223.85719299316406
249,118.37560272216797,171.3795928955078,128.9763946533203,127.20960235595703,67.13839721679688,67.13839721679688,81.27279663085938,75.08899688720703,94.5238037109375,84.806396484375,97.17400360107422,95.4072036743164,105.12460327148438,102.47440338134766,95.4072036743164,84.806396484375,73.32219696044922,69.7885971069336,65.37159729003906,56.537601470947266,56.537601470947266,75.08899688720703,84.806396484375,84.806396484375,109.5416030883789
251,55.36880111694336,80.16079711914062,60.32720184326172,59.50080108642578,31.403200149536133,31.403200149536133,38.014400482177734,35.12200164794922,44.212398529052734,39.667198181152344,45.45199966430664,44.6255989074707,49.170799255371094,47.93119812011719,44.6255989074707,39.667198181152344,34.29560089111328,32.642799377441406,30.576799392700195,26.444799423217773,26.444799423217773,35.12200164794922,39.667198181152344,39.667198181152344,51.23680114746094
257,30.552000045776367,44.231998443603516,33.28799819946289,32.832000732421875,17.327999114990234,17.327999114990234,20.97599983215332,19.3799991607666,24.395999908447266,21.88800048828125,25.079999923706055,24.624000549316406,27.131999969482422,26.447999954223633,24.624000549316406,21.88800048828125,18.923999786376953,18.011999130249023,16.871999740600586,14.592000007629395,14.592000007629395,19.3799991607666,21.88800048828125,21.88800048828125,28.27199935913086
261,37.4888801574707,82.88443756103516,147.9485321044922,153.92379760742188,190.10574340820312,145.07958984375,131.37313842773438,129.47021484375,115.05582427978516,116.82678985595703,104.98136901855469,103.21955108642578,90.3750991821289,92.56197357177734,94.4280776977539,100.09115600585938,58.936927795410156,53.52609634399414,46.22188949584961,49.13075637817383,38.51460266113281,23.679941177368164,22.996150970458984,45.74277877807617,39.652923583984375
263,22.083200454711914,31.971200942993164,24.060800552368164,23.731199264526367,12.524800300598145,12.524800300598145,15.161600112915039,14.008000373840332,17.63360023498535,15.820799827575684,18.128000259399414,17.79840087890625,19.6112003326416,19.11680030822754,17.79840087890625,15.820799827575684,13.678400039672852,13.019200325012207,12.195199966430664,10.547200202941895,10.547200202941895,14.008000373840332,15.820799827575684,15.820799827575684,20.435199737548828
269,81.75660705566406,258.66455078125,473.3748474121094,492.68212890625,633.5399169921875,476.4049072265625,424.69189453125,419.9090881347656,368.3017578125,375.1174011230469,336.06689453125,330.4197998046875,293.11767578125,299.0594177246094,303.1265869140625,320.29498291015625,191.90402221679688,174.60447692871094,150.96119689941406,159.22608947753906,125.74205017089844,51.1817512512207,24.63988494873047,146.32379150390625,104.91062927246094
271,70.59552001953125,73.59596252441406,-30.184932708740234,-37.77339172363281,-128.8041534423828,-83.77799224853516,-57.16593933105469,-60.90921401977539,-28.74962615966797,-39.3931884765625,-16.255367279052734,-16.106752395629883,5.610300064086914,1.0036264657974243,-7.315275192260742,-22.65755844116211,8.010870933532715,10.195302963256836,13.466509819030762,2.4916434288024902,13.107799530029297,44.88105773925781,54.43745040893555,31.690820693969727,60.365478515625
273,-9.756314277648926,154.78518676757812,480.7691955566406,507.97711181640625,750.48046875,548.3193359375,467.49664306640625,467.5498046875,380.34869384765625,399.5249938964844,335.1512451171875,329.6677551269531,268.9314880371094,279.94818115234375,293.58306884765625,327.9669494628906,170.9368438720703,152.0772705078125,125.94328308105469,146.74403381347656,102.64385223388672,-6.967806816101074,-44.783164978027344,99.6473617553711,25.18875503540039
275,-22.781909942626953,30.78388214111328,159.59523010253906,170.06570434570312,270.4273681640625,194.7097625732422,162.19488525390625,163.19635009765625,127.45195770263672,136.1762237548828,110.10382080078125,108.33045959472656,84.0429916381836,88.58885192871094,94.81609344482422,109.37550354003906,52.388153076171875,45.886417388916016,36.802825927734375,45.98923110961914,29.48070526123047,-14.544583320617676,-30.246458053588867,23.859973907470703,-7.975713729858398
277,5.8155999183654785,8.419599533081055,6.336400032043457,6.249599933624268,3.2983999252319336,3.2983999252319336,3.992799997329712,3.688999891281128,4.643799781799316,4.166399955749512,4.77400016784668,4.68720006942749,5.164599895477295,5.03439998626709,4.68720006942749,4.166399955749512,3.6022000312805176,3.4286000728607178,3.2116000652313232,2.777600049972534,2.777600049972534,3.688999891281128,4.166399955749512,4.166399955749512,5.3815999031066895
281,-28.597509384155273,22.364280700683594,153.2588348388672,163.8161163330078,267.12896728515625,191.41136169433594,158.20208740234375,159.50733947753906,122.80815887451172,132.00982666015625,105.32981872558594,103.64325714111328,78.87838745117188,83.55445098876953,90.12889862060547,105.2091064453125,48.785953521728516,42.45781707763672,33.591224670410156,43.211631774902344,26.70310401916504,-18.233583450317383,-34.41285705566406,19.693572998046875,-13.35731315612793
283,-46.75180435180664,37.457908630371094,256.0433349609375,273.6730041503906,446.1495056152344,319.7059326171875,264.2605285644531,266.4349670410156,205.16403198242188,220.5231475830078,175.97642517089844,173.15850830078125,131.80259704589844,139.6117401123047,150.58816528320312,175.76585388183594,81.52239227294922,70.94895935058594,56.129058837890625,72.20440673828125,44.61275100708008,-30.341724395751953,-57.3623046875,32.9617919921875,-22.151931762695312
285,2.6217684745788574,-38.38195037841797,-125.43490600585938,-132.4512481689453,-195.08917236328125,-142.58746337890625,-121.66508483886719,-121.6506576538086,-99.16700744628906,-104.06084442138672,-87.51828002929688,-86.0843734741211,-70.70228576660156,-73.43486022949219,-76.79765319824219,-85.53823852539062,-45.14702224731445,-40.375457763671875,-34.082923889160156,-38.55793762207031,-28.365793228149414,1.993332028388977,11.844862937927246,-24.79116439819336,-6.065348148345947
287,-125.52848052978516,-75.79096984863281,175.93894958496094,194.92015075683594,408.7293395996094,280.510009765625,215.11756896972656,221.3350067138672,146.66856384277344,168.50587463378906,115.43010711669922,113.71722412109375,65.82847595214844,75.3485107421875,90.91614532470703,123.18254852294922,35.517574310302734,27.233074188232422,15.592947006225586,36.72636795043945,10.025697708129883,-80.04991149902344,-113.82251739501953,-23.080060958862305,-94.56316375732422
289,329.2123107910156,307.7108154296875,-132.70518493652344,-164.68112182617188,-569.2965087890625,-367.13531494140625,-248.1686248779297,-264.9097900390625,-125.26068878173828,-170.66098022460938,-72.9112548828125,-72.19576263427734,14.764510154724121,-3.4041929244995117,-36.11106872558594,-99.10295104980469,26.93515396118164,36.258724212646484,50.47271728515625,5.831961631774902,49.93214416503906,209.60780334472656,273.64715576171875,129.2166290283203,270.42724609375
291,73.05680084228516,105.768798828125,79.59919738769531,78.50879669189453,41.43519973754883,41.43519973754883,50.15840148925781,46.34199905395508,58.33639907836914,52.33919906616211,59.97200012207031,58.88159942626953,64.87879943847656,63.24319839477539,58.88159942626953,52.33919906616211,45.2515983581543,43.07080078125,40.34479904174805,34.892799377441406,34.892799377441406,46.34199905395508,52.33919906616211,52.33919906616211,67.60479736328125
293,76.50443267822266,47.7944450378418,-95.3348388671875,-106.43136596679688,-232.69874572753906,-158.7568817138672,-120.3682632446289,-124.24829864501953,-80.14582061767578,-93.26870727539062,-61.88214874267578,-60.98133850097656,-32.34991455078125,-38.15127944946289,-47.69771957397461,-67.03400421142578,-16.32257080078125,-11.487103462219238,-4.1677350997924805,-18.184070587158203,-0.7845567464828491,48.88439178466797,68.71104431152344,15.02297306060791,58.17567825317383
295,-44.130035400390625,-0.9240433573722839,130.6084442138672,141.22177124023438,251.0603485107422,177.1184844970703,142.595458984375,144.7843017578125,105.99702453613281,116.4623031616211,88.4581527709961,87.07414245605469,61.10031509399414,66.1768798828125,73.79051971435547,90.22760772705078,36.375370025634766,30.573503494262695,22.04613494873047,33.64646911621094,16.24695587158203,-28.348392486572266,-45.5174446105957,8.170626640319824,-28.2172794342041
297,488.1888427734375,-45.007869720458984,-145.6823272705078,-145.03089904785156,-220.8690948486328,-270.36920166015625,-245.14276123046875,-258.01593017578125,-219.29644775390625,-236.68284606933594,-219.63284301757812,-225.35292053222656,-211.46730041503906,-217.878662109375,-232.53668212890625,-255.70513916015625,357.9845275878906,357.0314636230469,352.0404052734375,339.5504150390625,339.4376220703125,363.712158203125,377.5920104980469,417.10162353515625,440.9908752441406
299,234.5450897216797,-66.17803955078125,-95.49407196044922,-95.14051818847656,-130.50665283203125,-151.58787536621094,-140.2874298095703,-145.798583984375,-128.65623474121094,-136.27688598632812,-128.42115783691406,-130.83425903320312,-124.52740478515625,-127.33566284179688,-133.78970336914062,-143.9258270263672,172.05487060546875,171.61634826660156,169.23098754882812,163.2455291748047,163.19125366210938,174.80319213867188,181.42117309570312,200.4721221923828,211.87380981445312
301,234.5450897216797,-66.17803955078125,-95.49407196044922,-95.14051818847656,-130.50665283203125,-151.58787536621094,-140.2874298095703,-145.798583984375,-128.65623474121094,-136.27688598632812,-128.42115783691406,-130.83425903320312,-124.52740478515625,-127.33566284179688,-133.78970336914062,-143.9258270263672,172.05487060546875,171.61634826660156,169.23098754882812,163.2455291748047,163.19125366210938,174.80319213867188,181.42117309570312,200.4721221923828,211.87380981445312
303,253.64376831054688,21.170169830322266,-50.188255310058594,-49.890384674072266,-90.36243438720703,-118.78133392333984,-104.85533142089844,-112.21735382080078,-90.64021301269531,-100.40595245361328,-91.21168518066406,-94.51866149902344,-86.93989562988281,-90.54299926757812,-98.7469711303711,-111.7793197631836,185.92965698242188,185.41513061523438,182.8094024658203,176.3048858642578,176.2463836669922,188.9089813232422,196.17083740234375,216.62948608398438,229.11708068847656
305,148.0988006591797,-499.81781005859375,-519.4956665039062,-517.5714111328125,-592.6804809570312,-596.204833984375,-587.2872924804688,-587.935791015625,-574.5960083007812,-580.2384643554688,-568.8971557617188,-569.3798217773438,-561.0956420898438,-563.439697265625,-568.4938354492188,-573.2551879882812,111.40308380126953,111.94416046142578,110.96690368652344,107.82698059082031,107.78890228271484,112.99199676513672,115.02981567382812,129.98666381835938,133.9742889404297
307,401.7425537109375,-478.6476135253906,-569.6838989257812,-567.4617919921875,-683.0429077148438,-714.9862060546875,-692.142578125,-700.1531372070312,-665.2362670898438,-680.6444091796875,-660.10888671875,-663.8984985351562,-648.0355834960938,-653.982666015625,-667.2407836914062,-685.0344848632812,297.3327331542969,297.3592834472656,293.77630615234375,284.1318664550781,284.0352783203125,301.9009704589844,311.2006530761719,346.61614990234375,363.09136962890625
309,208.28318786621094,-77.84255981445312,-105.05209350585938,-105.98147583007812,-147.4824676513672,-149.6414794921875,-138.46446228027344,-142.38571166992188,-126.91094970703125,-134.1399688720703,-123.6187973022461,-124.72015380859375,-116.85173797607422,-118.91883850097656,-124.39356231689453,-132.2460479736328,129.67904663085938,125.63981628417969,119.0883560180664,104.749267578125,104.89598083496094,134.7782745361328,149.171875,155.43373107910156,187.20594787597656
311,-70.77523803710938,678.6693115234375,737.0833129882812,738.15283203125,843.1257934570312,795.1339111328125,758.9110107421875,765.8607177734375,722.7760620117188,742.4931030273438,701.4494018554688,700.71044921875,671.1795654296875,675.9483642578125,690.6882934570312,709.9517211914062,62.00439453125,93.16153717041016,122.26298522949219,172.44696044921875,172.7764434814453,61.965911865234375,-1.7211014032363892,89.14324951171875,-99.0867691040039
313,468.5953674316406,145.30224609375,85.95568084716797,80.83799743652344,-41.79903793334961,-108.82320404052734,-75.1719741821289,-92.93521118164062,-39.327545166015625,-65.06742095947266,-40.36056900024414,-47.57550048828125,-28.472003936767578,-35.1678466796875,-52.64313507080078,-81.48096466064453,268.2799072265625,263.1815490722656,250.96678161621094,223.5590362548828,224.42739868164062,286.89300537109375,318.9747619628906,339.72686767578125,416.03765869140625
315,-2110.471435546875,-2362.0478515625,-2528.877197265625,-2466.760498046875,-2795.12158203125,-2073.592041015625,-1904.2540283203125,-1888.0748291015625,-1765.63037109375,-1803.5372314453125,-1544.858642578125,-1540.0611572265625,-1357.0927734375,-1416.8916015625,-1454.357421875,-1512.277587890625,-859.9111328125,-973.1611328125,-1046.2603759765625,-1131.537109375,-1184.4951171875,-1120.27490234375,-1087.4517822265625,-1745.33740234375,-1425.199951171875
317,111.24669647216797,119.24019622802734,120.9613265991211,122.9922103881836,122.33749389648438,120.03166198730469,120.85761260986328,120.32791900634766,121.06887817382812,121.58734893798828,121.33887481689453,119.96044921875,120.14054107666016,118.18197631835938,117.77471160888672,115.97435760498047,111.65806579589844,110.78225708007812,109.54843139648438,108.57535552978516,106.7091293334961,104.5955581665039,105.34646606445312,109.93507385253906,112.09571838378906
319,-0.5065130591392517,71.8487319946289,97.15170288085938,97.58634185791016,73.09799194335938,6.404849529266357,4.535888195037842,-5.207039833068848,1.4420970678329468,-10.702388763427734,-7.61534309387207,-9.361977577209473,-10.16182804107666,-7.741934776306152,-14.458918571472168,-18.924610137939453,-38.352115631103516,-42.36879348754883,-49.91279602050781,-57.59493637084961,-64.69290161132812,-56.00326919555664,-49.51411056518555,-28.699905395507812,-10.244181632995605
321,7549.609375,7739.6669921875,7806.5166015625,7813.12109375,7748.50146484375,6772.6044921875,6716.51416015625,6628.27734375,6664.94775390625,6648.3349609375,6450.70751953125,6375.27392578125,6249.3720703125,6219.26806640625,6189.7353515625,6106.080078125,5861.3857421875,5933.60205078125,5944.02587890625,5926.2041015625,5923.3828125,5938.2158203125,6013.541015625,6827.23388671875,6785.18505859375
323,-79.37325286865234,165.4801483154297,249.59083557128906,255.25027465820312,250.67515563964844,134.48973083496094,118.09945678710938,103.24713134765625,96.96697235107422,81.00324249267578,73.49153900146484,69.6537094116211,55.406593322753906,62.340335845947266,52.84245681762695,52.363094329833984,-89.58905029296875,-117.8794937133789,-153.1197052001953,-163.03302001953125,-190.8632049560547,-205.4780731201172,-206.00656127929688,-102.61595916748047,-85.21943664550781
325,144.24581909179688,212.44793701171875,224.39927673339844,224.0204620361328,240.72181701660156,209.20797729492188,202.64596557617188,201.5013885498047,196.33470153808594,198.60211181640625,187.84840393066406,186.47921752929688,179.20118713378906,179.80406188964844,181.03944396972656,181.94631958007812,119.71553039550781,124.0144271850586,127.49112701416016,133.03419494628906,133.51278686523438,121.44546508789062,116.5438232421875,144.87936401367188,122.20396423339844
329,13157.8740234375,13062.03125,12972.1171875,12929.8779296875,12789.7841796875,7696.4208984375,7751.17724609375,7682.93505859375,7664.81494140625,7631.375,7717.06640625,7731.310546875,7759.9130859375,7781.185546875,7797.99169921875,7809.3828125,7930.2109375,7954.92431640625,7991.75732421875,8021.96875,8055.61865234375,8110.60546875,8165.07275390625,13178.7451171875,13191.47265625
330,0.0,0.0,0.0,0.0,0.0,7696.4208984375,7751.17724609375,7682.93505859375,7664.81494140625,7631.375,7717.06640625,7731.310546875,7759.9130859375,7781.185546875,7797.99169921875,7809.3828125,7930.2109375,7954.92431640625,7991.75732421875,8021.96875,8055.61865234375,8110.60546875,8165.07275390625,0.0,0.0
333,-0.0005102617433294654,-0.0005102617433294654,-0.0005102617433294654,-0.0005102617433294654,-0.0005102617433294654,7696.4208984375,7751.17724609375,7682.93505859375,7664.81494140625,7631.375,7717.06640625,7731.310546875,7759.9130859375,7781.185546875,7797.99169921875,7809.3828125,7930.2109375,7954.92431640625,7991.75732421875,8021.96875,8055.61865234375,8110.60546875,8165.07275390625,-0.0002551308716647327,-0.0002551308716647327
10,0.0,3435.1962890625,3330.25,3307.90966796875,3139.83935546875,3251.759521484375,3279.90771484375,3260.057373046875,3289.855712890625,3265.739990234375,3291.139892578125,3289.924560546875,3311.515869140625,3310.992431640625,3301.98974609375,3284.638671875,0.0,0.0,0.0,0.0,0.0,0.0,0.0,0.0,0.0
335,13157.875,13062.0322265625,12972.1181640625,12929.8779296875,12789.78515625,0.0,0.0,0.0,0.0,0.0,0.0,0.0,0.0,0.0,0.0,0.0,0.0,0.0,0.0,0.0,0.0,0.0,0.0,13178.7451171875,13191.47265625
